date,variable,value
FY2026,lt_debt_held_by_public_gdp_share,100.605
FY2027,lt_debt_held_by_public_gdp_share,102.069
FY2028,lt_debt_held_by_public_gdp_share,104.116
FY2029,lt_debt_held_by_public_gdp_share,105.811
FY2030,lt_debt_held_by_public_gdp_share,107.726
FY2031,lt_debt_held_by_public_gdp_share,109.573
FY2032,lt_debt_held_by_public_gdp_share,111.535
FY2033,lt_debt_held_by_public_gdp_share,113.992
FY2034,lt_debt_held_by_public_gdp_share,116.186
FY2035,lt_debt_held_by_public_gdp_share,117.977
FY2036,lt_debt_held_by_public_gdp_share,120.209
FY2037,lt_debt_held_by_public_gdp_share,122.449
FY2038,lt_debt_held_by_public_gdp_share,124.742
FY2039,lt_debt_held_by_public_gdp_share,127.066
FY2040,lt_debt_held_by_public_gdp_share,129.383
FY2041,lt_debt_held_by_public_gdp_share,131.71
FY2042,lt_debt_held_by_public_gdp_share,134.155
FY2043,lt_debt_held_by_public_gdp_share,136.631
FY2044,lt_debt_held_by_public_gdp_share,139.168
FY2045,lt_debt_held_by_public_gdp_share,141.784
FY2046,lt_debt_held_by_public_gdp_share,144.497
FY2047,lt_debt_held_by_public_gdp_share,147.277
FY2048,lt_debt_held_by_public_gdp_share,150.113
FY2049,lt_debt_held_by_public_gdp_share,153.018
FY2050,lt_debt_held_by_public_gdp_share,155.982
FY2051,lt_debt_held_by_public_gdp_share,159.029
FY2052,lt_debt_held_by_public_gdp_share,162.163
FY2053,lt_debt_held_by_public_gdp_share,165.314
FY2054,lt_debt_held_by_public_gdp_share,168.524
FY2055,lt_debt_held_by_public_gdp_share,171.785
FY2056,lt_debt_held_by_public_gdp_share,175.076
FY2026,lt_deficit_total_gdp_share,-5.807
FY2027,lt_deficit_total_gdp_share,-5.665
FY2028,lt_deficit_total_gdp_share,-5.643
FY2029,lt_deficit_total_gdp_share,-5.952
FY2030,lt_deficit_total_gdp_share,-5.886
FY2031,lt_deficit_total_gdp_share,-5.889
FY2032,lt_deficit_total_gdp_share,-6.057
FY2033,lt_deficit_total_gdp_share,-6.256
FY2034,lt_deficit_total_gdp_share,-6.47
FY2035,lt_deficit_total_gdp_share,-6.57
FY2036,lt_deficit_total_gdp_share,-6.669
FY2037,lt_deficit_total_gdp_share,-6.709
FY2038,lt_deficit_total_gdp_share,-6.81
FY2039,lt_deficit_total_gdp_share,-6.883
FY2040,lt_deficit_total_gdp_share,-6.941
FY2041,lt_deficit_total_gdp_share,-7.042
FY2042,lt_deficit_total_gdp_share,-7.208
FY2043,lt_deficit_total_gdp_share,-7.318
FY2044,lt_deficit_total_gdp_share,-7.452
FY2045,lt_deficit_total_gdp_share,-7.575
FY2046,lt_deficit_total_gdp_share,-7.701
FY2047,lt_deficit_total_gdp_share,-7.839
FY2048,lt_deficit_total_gdp_share,-7.965
FY2049,lt_deficit_total_gdp_share,-8.113
FY2050,lt_deficit_total_gdp_share,-8.238
FY2051,lt_deficit_total_gdp_share,-8.394
FY2052,lt_deficit_total_gdp_share,-8.565
FY2053,lt_deficit_total_gdp_share,-8.676
FY2054,lt_deficit_total_gdp_share,-8.835
FY2055,lt_deficit_total_gdp_share,-8.991
FY2056,lt_deficit_total_gdp_share,-9.134
FY2026,lt_gdp_trillions,31.902
FY2027,lt_gdp_trillions,33.315
FY2028,lt_gdp_trillions,34.666
FY2029,lt_gdp_trillions,36.01
FY2030,lt_gdp_trillions,37.391
FY2031,lt_gdp_trillions,38.813
FY2032,lt_gdp_trillions,40.277
FY2033,lt_gdp_trillions,41.796
FY2034,lt_gdp_trillions,43.373
FY2035,lt_gdp_trillions,45.012
FY2036,lt_gdp_trillions,46.712
FY2037,lt_gdp_trillions,48.473
FY2038,lt_gdp_trillions,50.302
FY2039,lt_gdp_trillions,52.196
FY2040,lt_gdp_trillions,54.167
FY2041,lt_gdp_trillions,56.216
FY2042,lt_gdp_trillions,58.325
FY2043,lt_gdp_trillions,60.509
FY2044,lt_gdp_trillions,62.767
FY2045,lt_gdp_trillions,65.086
FY2046,lt_gdp_trillions,67.459
FY2047,lt_gdp_trillions,69.907
FY2048,lt_gdp_trillions,72.43
FY2049,lt_gdp_trillions,75.033
FY2050,lt_gdp_trillions,77.711
FY2051,lt_gdp_trillions,80.469
FY2052,lt_gdp_trillions,83.314
FY2053,lt_gdp_trillions,86.254
FY2054,lt_gdp_trillions,89.292
FY2055,lt_gdp_trillions,92.435
FY2056,lt_gdp_trillions,95.69
FY2026,lt_gross_federal_debt_gdp_share,123.599
FY2027,lt_gross_federal_debt_gdp_share,123.903
FY2028,lt_gross_federal_debt_gdp_share,124.899
FY2029,lt_gross_federal_debt_gdp_share,125.499
FY2030,lt_gross_federal_debt_gdp_share,126.213
FY2031,lt_gross_federal_debt_gdp_share,126.809
FY2032,lt_gross_federal_debt_gdp_share,127.817
FY2033,lt_gross_federal_debt_gdp_share,130.107
FY2034,lt_gross_federal_debt_gdp_share,132.244
FY2035,lt_gross_federal_debt_gdp_share,134.157
FY2036,lt_gross_federal_debt_gdp_share,136.353
FY2037,lt_gross_federal_debt_gdp_share,138.554
FY2038,lt_gross_federal_debt_gdp_share,140.831
FY2039,lt_gross_federal_debt_gdp_share,143.212
FY2040,lt_gross_federal_debt_gdp_share,145.477
FY2041,lt_gross_federal_debt_gdp_share,147.853
FY2042,lt_gross_federal_debt_gdp_share,150.282
FY2043,lt_gross_federal_debt_gdp_share,152.725
FY2044,lt_gross_federal_debt_gdp_share,155.29
FY2045,lt_gross_federal_debt_gdp_share,157.795
FY2046,lt_gross_federal_debt_gdp_share,160.384
FY2047,lt_gross_federal_debt_gdp_share,163.175
FY2048,lt_gross_federal_debt_gdp_share,165.942
FY2049,lt_gross_federal_debt_gdp_share,168.775
FY2050,lt_gross_federal_debt_gdp_share,171.742
FY2051,lt_gross_federal_debt_gdp_share,174.637
FY2052,lt_gross_federal_debt_gdp_share,177.606
FY2053,lt_gross_federal_debt_gdp_share,180.737
FY2054,lt_gross_federal_debt_gdp_share,183.853
FY2055,lt_gross_federal_debt_gdp_share,187.012
FY2056,lt_gross_federal_debt_gdp_share,190.2
FY2037,lt_health_cost_growth_medicaid,0.301
FY2038,lt_health_cost_growth_medicaid,0.321
FY2039,lt_health_cost_growth_medicaid,0.339
FY2040,lt_health_cost_growth_medicaid,0.356
FY2041,lt_health_cost_growth_medicaid,0.372
FY2042,lt_health_cost_growth_medicaid,0.387
FY2043,lt_health_cost_growth_medicaid,0.402
FY2044,lt_health_cost_growth_medicaid,0.418
FY2045,lt_health_cost_growth_medicaid,0.433
FY2046,lt_health_cost_growth_medicaid,0.448
FY2047,lt_health_cost_growth_medicaid,0.463
FY2048,lt_health_cost_growth_medicaid,0.479
FY2049,lt_health_cost_growth_medicaid,0.494
FY2050,lt_health_cost_growth_medicaid,0.509
FY2051,lt_health_cost_growth_medicaid,0.524
FY2052,lt_health_cost_growth_medicaid,0.539
FY2053,lt_health_cost_growth_medicaid,0.554
FY2054,lt_health_cost_growth_medicaid,0.57
FY2055,lt_health_cost_growth_medicaid,0.585
FY2056,lt_health_cost_growth_medicaid,0.6
FY2037,lt_health_cost_growth_medicare_a,-0.114
FY2038,lt_health_cost_growth_medicare_a,-0.052
FY2039,lt_health_cost_growth_medicare_a,-0.018
FY2040,lt_health_cost_growth_medicare_a,0.002
FY2041,lt_health_cost_growth_medicare_a,0.014
FY2042,lt_health_cost_growth_medicare_a,0.023
FY2043,lt_health_cost_growth_medicare_a,0.03
FY2044,lt_health_cost_growth_medicare_a,0.036
FY2045,lt_health_cost_growth_medicare_a,0.042
FY2046,lt_health_cost_growth_medicare_a,0.047
FY2047,lt_health_cost_growth_medicare_a,0.053
FY2048,lt_health_cost_growth_medicare_a,0.058
FY2049,lt_health_cost_growth_medicare_a,0.063
FY2050,lt_health_cost_growth_medicare_a,0.068
FY2051,lt_health_cost_growth_medicare_a,0.074
FY2052,lt_health_cost_growth_medicare_a,0.079
FY2053,lt_health_cost_growth_medicare_a,0.084
FY2054,lt_health_cost_growth_medicare_a,0.089
FY2055,lt_health_cost_growth_medicare_a,0.095
FY2056,lt_health_cost_growth_medicare_a,0.1
FY2037,lt_health_cost_growth_medicare_b,2.387
FY2038,lt_health_cost_growth_medicare_b,2.318
FY2039,lt_health_cost_growth_medicare_b,2.224
FY2040,lt_health_cost_growth_medicare_b,2.116
FY2041,lt_health_cost_growth_medicare_b,2.002
FY2042,lt_health_cost_growth_medicare_b,1.885
FY2043,lt_health_cost_growth_medicare_b,1.766
FY2044,lt_health_cost_growth_medicare_b,1.646
FY2045,lt_health_cost_growth_medicare_b,1.526
FY2046,lt_health_cost_growth_medicare_b,1.405
FY2047,lt_health_cost_growth_medicare_b,1.285
FY2048,lt_health_cost_growth_medicare_b,1.164
FY2049,lt_health_cost_growth_medicare_b,1.044
FY2050,lt_health_cost_growth_medicare_b,0.923
FY2051,lt_health_cost_growth_medicare_b,0.803
FY2052,lt_health_cost_growth_medicare_b,0.682
FY2053,lt_health_cost_growth_medicare_b,0.562
FY2054,lt_health_cost_growth_medicare_b,0.441
FY2055,lt_health_cost_growth_medicare_b,0.321
FY2056,lt_health_cost_growth_medicare_b,0.2
FY2037,lt_health_cost_growth_medicare_d,1.403
FY2038,lt_health_cost_growth_medicare_d,1.447
FY2039,lt_health_cost_growth_medicare_d,1.442
FY2040,lt_health_cost_growth_medicare_d,1.414
FY2041,lt_health_cost_growth_medicare_d,1.374
FY2042,lt_health_cost_growth_medicare_d,1.327
FY2043,lt_health_cost_growth_medicare_d,1.278
FY2044,lt_health_cost_growth_medicare_d,1.227
FY2045,lt_health_cost_growth_medicare_d,1.175
FY2046,lt_health_cost_growth_medicare_d,1.123
FY2047,lt_health_cost_growth_medicare_d,1.071
FY2048,lt_health_cost_growth_medicare_d,1.019
FY2049,lt_health_cost_growth_medicare_d,0.967
FY2050,lt_health_cost_growth_medicare_d,0.914
FY2051,lt_health_cost_growth_medicare_d,0.862
FY2052,lt_health_cost_growth_medicare_d,0.809
FY2053,lt_health_cost_growth_medicare_d,0.757
FY2054,lt_health_cost_growth_medicare_d,0.705
FY2055,lt_health_cost_growth_medicare_d,0.652
FY2056,lt_health_cost_growth_medicare_d,0.6
FY2037,lt_health_cost_growth_medicare_total,1.428
FY2038,lt_health_cost_growth_medicare_total,1.43
FY2039,lt_health_cost_growth_medicare_total,1.4
FY2040,lt_health_cost_growth_medicare_total,1.354
FY2041,lt_health_cost_growth_medicare_total,1.298
FY2042,lt_health_cost_growth_medicare_total,1.237
FY2043,lt_health_cost_growth_medicare_total,1.173
FY2044,lt_health_cost_growth_medicare_total,1.106
FY2045,lt_health_cost_growth_medicare_total,1.038
FY2046,lt_health_cost_growth_medicare_total,0.969
FY2047,lt_health_cost_growth_medicare_total,0.898
FY2048,lt_health_cost_growth_medicare_total,0.827
FY2049,lt_health_cost_growth_medicare_total,0.754
FY2050,lt_health_cost_growth_medicare_total,0.681
FY2051,lt_health_cost_growth_medicare_total,0.607
FY2052,lt_health_cost_growth_medicare_total,0.533
FY2053,lt_health_cost_growth_medicare_total,0.458
FY2054,lt_health_cost_growth_medicare_total,0.383
FY2055,lt_health_cost_growth_medicare_total,0.308
FY2056,lt_health_cost_growth_medicare_total,0.232
FY2026,lt_hi_balance_gdp_share,0.793
FY2027,lt_hi_balance_gdp_share,0.869
FY2028,lt_hi_balance_gdp_share,0.893
FY2029,lt_hi_balance_gdp_share,0.838
FY2030,lt_hi_balance_gdp_share,0.902
FY2031,lt_hi_balance_gdp_share,0.891
FY2032,lt_hi_balance_gdp_share,0.867
FY2033,lt_hi_balance_gdp_share,0.829
FY2034,lt_hi_balance_gdp_share,0.685
FY2035,lt_hi_balance_gdp_share,0.589
FY2036,lt_hi_balance_gdp_share,0.559
FY2037,lt_hi_balance_gdp_share,0.449
FY2038,lt_hi_balance_gdp_share,0.333
FY2039,lt_hi_balance_gdp_share,0.209
FY2040,lt_hi_balance_gdp_share,0.076
FY2026,lt_hi_contributions_gdp_share,1.215
FY2027,lt_hi_contributions_gdp_share,1.216
FY2028,lt_hi_contributions_gdp_share,1.22
FY2029,lt_hi_contributions_gdp_share,1.224
FY2030,lt_hi_contributions_gdp_share,1.229
FY2031,lt_hi_contributions_gdp_share,1.232
FY2032,lt_hi_contributions_gdp_share,1.235
FY2033,lt_hi_contributions_gdp_share,1.237
FY2034,lt_hi_contributions_gdp_share,1.239
FY2035,lt_hi_contributions_gdp_share,1.241
FY2036,lt_hi_contributions_gdp_share,1.243
FY2037,lt_hi_contributions_gdp_share,1.245
FY2038,lt_hi_contributions_gdp_share,1.247
FY2039,lt_hi_contributions_gdp_share,1.25
FY2040,lt_hi_contributions_gdp_share,1.253
FY2026,lt_hi_end_of_year_balance_gdp_share,0.869
FY2027,lt_hi_end_of_year_balance_gdp_share,0.893
FY2028,lt_hi_end_of_year_balance_gdp_share,0.838
FY2029,lt_hi_end_of_year_balance_gdp_share,0.902
FY2030,lt_hi_end_of_year_balance_gdp_share,0.891
FY2031,lt_hi_end_of_year_balance_gdp_share,0.867
FY2032,lt_hi_end_of_year_balance_gdp_share,0.829
FY2033,lt_hi_end_of_year_balance_gdp_share,0.685
FY2034,lt_hi_end_of_year_balance_gdp_share,0.589
FY2035,lt_hi_end_of_year_balance_gdp_share,0.559
FY2036,lt_hi_end_of_year_balance_gdp_share,0.449
FY2037,lt_hi_end_of_year_balance_gdp_share,0.333
FY2038,lt_hi_end_of_year_balance_gdp_share,0.209
FY2039,lt_hi_end_of_year_balance_gdp_share,0.076
FY2026,lt_hi_expenditures_gdp_share,1.487
FY2027,lt_hi_expenditures_gdp_share,1.51
FY2028,lt_hi_expenditures_gdp_share,1.6
FY2029,lt_hi_expenditures_gdp_share,1.492
FY2030,lt_hi_expenditures_gdp_share,1.577
FY2031,lt_hi_expenditures_gdp_share,1.596
FY2032,lt_hi_expenditures_gdp_share,1.615
FY2033,lt_hi_expenditures_gdp_share,1.724
FY2034,lt_hi_expenditures_gdp_share,1.682
FY2035,lt_hi_expenditures_gdp_share,1.622
FY2036,lt_hi_expenditures_gdp_share,1.707
FY2037,lt_hi_expenditures_gdp_share,1.721
FY2038,lt_hi_expenditures_gdp_share,1.736
FY2039,lt_hi_expenditures_gdp_share,1.748
FY2040,lt_hi_expenditures_gdp_share,1.761
FY2026,lt_hi_income_excl_interest_gdp_share,1.53
FY2027,lt_hi_income_excl_interest_gdp_share,1.535
FY2028,lt_hi_income_excl_interest_gdp_share,1.543
FY2029,lt_hi_income_excl_interest_gdp_share,1.552
FY2030,lt_hi_income_excl_interest_gdp_share,1.562
FY2031,lt_hi_income_excl_interest_gdp_share,1.568
FY2032,lt_hi_income_excl_interest_gdp_share,1.573
FY2033,lt_hi_income_excl_interest_gdp_share,1.579
FY2034,lt_hi_income_excl_interest_gdp_share,1.584
FY2035,lt_hi_income_excl_interest_gdp_share,1.59
FY2036,lt_hi_income_excl_interest_gdp_share,1.596
FY2037,lt_hi_income_excl_interest_gdp_share,1.604
FY2038,lt_hi_income_excl_interest_gdp_share,1.61
FY2039,lt_hi_income_excl_interest_gdp_share,1.615
FY2040,lt_hi_income_excl_interest_gdp_share,1.619
FY2026,lt_hi_interest_gdp_share,0.033
FY2027,lt_hi_interest_gdp_share,0.036
FY2028,lt_hi_interest_gdp_share,0.036
FY2029,lt_hi_interest_gdp_share,0.036
FY2030,lt_hi_interest_gdp_share,0.037
FY2031,lt_hi_interest_gdp_share,0.037
FY2032,lt_hi_interest_gdp_share,0.035
FY2033,lt_hi_interest_gdp_share,0.032
FY2034,lt_hi_interest_gdp_share,0.027
FY2035,lt_hi_interest_gdp_share,0.024
FY2036,lt_hi_interest_gdp_share,0.021
FY2037,lt_hi_interest_gdp_share,0.017
FY2038,lt_hi_interest_gdp_share,0.013
FY2039,lt_hi_interest_gdp_share,0.009
FY2040,lt_hi_interest_gdp_share,0.003
FY2026,lt_hi_noninterest_surplus_gdp_share,0.043
FY2027,lt_hi_noninterest_surplus_gdp_share,0.026
FY2028,lt_hi_noninterest_surplus_gdp_share,-0.056
FY2029,lt_hi_noninterest_surplus_gdp_share,0.06
FY2030,lt_hi_noninterest_surplus_gdp_share,-0.015
FY2031,lt_hi_noninterest_surplus_gdp_share,-0.028
FY2032,lt_hi_noninterest_surplus_gdp_share,-0.042
FY2033,lt_hi_noninterest_surplus_gdp_share,-0.146
FY2034,lt_hi_noninterest_surplus_gdp_share,-0.098
FY2035,lt_hi_noninterest_surplus_gdp_share,-0.032
FY2036,lt_hi_noninterest_surplus_gdp_share,-0.111
FY2037,lt_hi_noninterest_surplus_gdp_share,-0.117
FY2038,lt_hi_noninterest_surplus_gdp_share,-0.126
FY2039,lt_hi_noninterest_surplus_gdp_share,-0.133
FY2040,lt_hi_noninterest_surplus_gdp_share,-0.142
FY2026,lt_hi_other_income_gdp_share,0.14
FY2027,lt_hi_other_income_gdp_share,0.14
FY2028,lt_hi_other_income_gdp_share,0.14
FY2029,lt_hi_other_income_gdp_share,0.141
FY2030,lt_hi_other_income_gdp_share,0.141
FY2031,lt_hi_other_income_gdp_share,0.141
FY2032,lt_hi_other_income_gdp_share,0.141
FY2033,lt_hi_other_income_gdp_share,0.14
FY2034,lt_hi_other_income_gdp_share,0.14
FY2035,lt_hi_other_income_gdp_share,0.14
FY2036,lt_hi_other_income_gdp_share,0.139
FY2037,lt_hi_other_income_gdp_share,0.142
FY2038,lt_hi_other_income_gdp_share,0.143
FY2039,lt_hi_other_income_gdp_share,0.144
FY2040,lt_hi_other_income_gdp_share,0.144
FY2026,lt_hi_premiums_gdp_share,0.017
FY2027,lt_hi_premiums_gdp_share,0.017
FY2028,lt_hi_premiums_gdp_share,0.018
FY2029,lt_hi_premiums_gdp_share,0.018
FY2030,lt_hi_premiums_gdp_share,0.018
FY2031,lt_hi_premiums_gdp_share,0.019
FY2032,lt_hi_premiums_gdp_share,0.019
FY2033,lt_hi_premiums_gdp_share,0.02
FY2034,lt_hi_premiums_gdp_share,0.02
FY2035,lt_hi_premiums_gdp_share,0.021
FY2036,lt_hi_premiums_gdp_share,0.021
FY2037,lt_hi_premiums_gdp_share,0.022
FY2038,lt_hi_premiums_gdp_share,0.022
FY2039,lt_hi_premiums_gdp_share,0.022
FY2040,lt_hi_premiums_gdp_share,0.022
FY2026,lt_hi_taxation_benefits_gdp_share,0.156
FY2027,lt_hi_taxation_benefits_gdp_share,0.162
FY2028,lt_hi_taxation_benefits_gdp_share,0.165
FY2029,lt_hi_taxation_benefits_gdp_share,0.169
FY2030,lt_hi_taxation_benefits_gdp_share,0.174
FY2031,lt_hi_taxation_benefits_gdp_share,0.176
FY2032,lt_hi_taxation_benefits_gdp_share,0.178
FY2033,lt_hi_taxation_benefits_gdp_share,0.181
FY2034,lt_hi_taxation_benefits_gdp_share,0.185
FY2035,lt_hi_taxation_benefits_gdp_share,0.189
FY2036,lt_hi_taxation_benefits_gdp_share,0.192
FY2037,lt_hi_taxation_benefits_gdp_share,0.195
FY2038,lt_hi_taxation_benefits_gdp_share,0.197
FY2039,lt_hi_taxation_benefits_gdp_share,0.199
FY2040,lt_hi_taxation_benefits_gdp_share,0.2
FY2026,lt_hi_total_deficit_surplus_gdp_share,0.076
FY2027,lt_hi_total_deficit_surplus_gdp_share,0.061
FY2028,lt_hi_total_deficit_surplus_gdp_share,-0.021
FY2029,lt_hi_total_deficit_surplus_gdp_share,0.096
FY2030,lt_hi_total_deficit_surplus_gdp_share,0.022
FY2031,lt_hi_total_deficit_surplus_gdp_share,0.009
FY2032,lt_hi_total_deficit_surplus_gdp_share,-0.007
FY2033,lt_hi_total_deficit_surplus_gdp_share,-0.114
FY2034,lt_hi_total_deficit_surplus_gdp_share,-0.071
FY2035,lt_hi_total_deficit_surplus_gdp_share,-0.008
FY2036,lt_hi_total_deficit_surplus_gdp_share,-0.09
FY2037,lt_hi_total_deficit_surplus_gdp_share,-0.099
FY2038,lt_hi_total_deficit_surplus_gdp_share,-0.113
FY2039,lt_hi_total_deficit_surplus_gdp_share,-0.125
FY2040,lt_hi_total_deficit_surplus_gdp_share,-0.139
FY2026,lt_mand_medicaid_chip_gdp_share,2.64997
FY2027,lt_mand_medicaid_chip_gdp_share,2.537
FY2028,lt_mand_medicaid_chip_gdp_share,2.485
FY2029,lt_mand_medicaid_chip_gdp_share,2.428
FY2030,lt_mand_medicaid_chip_gdp_share,2.411
FY2031,lt_mand_medicaid_chip_gdp_share,2.397
FY2032,lt_mand_medicaid_chip_gdp_share,2.406
FY2033,lt_mand_medicaid_chip_gdp_share,2.418
FY2034,lt_mand_medicaid_chip_gdp_share,2.426
FY2035,lt_mand_medicaid_chip_gdp_share,2.436
FY2036,lt_mand_medicaid_chip_gdp_share,2.452
FY2037,lt_mand_medicaid_chip_gdp_share,2.459
FY2038,lt_mand_medicaid_chip_gdp_share,2.471
FY2039,lt_mand_medicaid_chip_gdp_share,2.484
FY2040,lt_mand_medicaid_chip_gdp_share,2.496
FY2041,lt_mand_medicaid_chip_gdp_share,2.508
FY2042,lt_mand_medicaid_chip_gdp_share,2.52
FY2043,lt_mand_medicaid_chip_gdp_share,2.532
FY2044,lt_mand_medicaid_chip_gdp_share,2.542
FY2045,lt_mand_medicaid_chip_gdp_share,2.55
FY2046,lt_mand_medicaid_chip_gdp_share,2.558
FY2047,lt_mand_medicaid_chip_gdp_share,2.568
FY2048,lt_mand_medicaid_chip_gdp_share,2.575
FY2049,lt_mand_medicaid_chip_gdp_share,2.584
FY2050,lt_mand_medicaid_chip_gdp_share,2.592
FY2051,lt_mand_medicaid_chip_gdp_share,2.597
FY2052,lt_mand_medicaid_chip_gdp_share,2.605
FY2053,lt_mand_medicaid_chip_gdp_share,2.611
FY2054,lt_mand_medicaid_chip_gdp_share,2.617
FY2055,lt_mand_medicaid_chip_gdp_share,2.625
FY2056,lt_mand_medicaid_chip_gdp_share,2.631
FY2026,lt_mand_medicare_gdp_share,3.332
FY2027,lt_mand_medicare_gdp_share,3.422
FY2028,lt_mand_medicare_gdp_share,3.47
FY2029,lt_mand_medicare_gdp_share,3.57
FY2030,lt_mand_medicare_gdp_share,3.627
FY2031,lt_mand_medicare_gdp_share,3.702
FY2032,lt_mand_medicare_gdp_share,3.789
FY2033,lt_mand_medicare_gdp_share,3.919
FY2034,lt_mand_medicare_gdp_share,4.037
FY2035,lt_mand_medicare_gdp_share,4.128
FY2036,lt_mand_medicare_gdp_share,4.216
FY2037,lt_mand_medicare_gdp_share,4.298
FY2038,lt_mand_medicare_gdp_share,4.392
FY2039,lt_mand_medicare_gdp_share,4.484
FY2040,lt_mand_medicare_gdp_share,4.565
FY2041,lt_mand_medicare_gdp_share,4.652
FY2042,lt_mand_medicare_gdp_share,4.732
FY2043,lt_mand_medicare_gdp_share,4.805
FY2044,lt_mand_medicare_gdp_share,4.873
FY2045,lt_mand_medicare_gdp_share,4.937
FY2046,lt_mand_medicare_gdp_share,5.001
FY2047,lt_mand_medicare_gdp_share,5.056
FY2048,lt_mand_medicare_gdp_share,5.112
FY2049,lt_mand_medicare_gdp_share,5.165
FY2050,lt_mand_medicare_gdp_share,5.212
FY2051,lt_mand_medicare_gdp_share,5.261
FY2052,lt_mand_medicare_gdp_share,5.303
FY2053,lt_mand_medicare_gdp_share,5.341
FY2054,lt_mand_medicare_gdp_share,5.376
FY2055,lt_mand_medicare_gdp_share,5.415
FY2056,lt_mand_medicare_gdp_share,5.454
FY2026,lt_mand_other_gdp_share,2.994
FY2027,lt_mand_other_gdp_share,3.088
FY2028,lt_mand_other_gdp_share,2.732
FY2029,lt_mand_other_gdp_share,2.905
FY2030,lt_mand_other_gdp_share,2.767
FY2031,lt_mand_other_gdp_share,2.642
FY2032,lt_mand_other_gdp_share,2.587
FY2033,lt_mand_other_gdp_share,2.536
FY2034,lt_mand_other_gdp_share,2.541
FY2035,lt_mand_other_gdp_share,2.509
FY2036,lt_mand_other_gdp_share,2.497
FY2037,lt_mand_other_gdp_share,2.484
FY2038,lt_mand_other_gdp_share,2.473
FY2039,lt_mand_other_gdp_share,2.456
FY2040,lt_mand_other_gdp_share,2.443
FY2041,lt_mand_other_gdp_share,2.433
FY2042,lt_mand_other_gdp_share,2.42
FY2043,lt_mand_other_gdp_share,2.41
FY2044,lt_mand_other_gdp_share,2.398
FY2045,lt_mand_other_gdp_share,2.388
FY2046,lt_mand_other_gdp_share,2.378
FY2047,lt_mand_other_gdp_share,2.367
FY2048,lt_mand_other_gdp_share,2.358
FY2049,lt_mand_other_gdp_share,2.347
FY2050,lt_mand_other_gdp_share,2.338
FY2051,lt_mand_other_gdp_share,2.329
FY2052,lt_mand_other_gdp_share,2.32
FY2053,lt_mand_other_gdp_share,2.312
FY2054,lt_mand_other_gdp_share,2.302
FY2055,lt_mand_other_gdp_share,2.294
FY2056,lt_mand_other_gdp_share,2.285
FY2026,lt_mand_social_security_gdp_share,5.222
FY2027,lt_mand_social_security_gdp_share,5.31
FY2028,lt_mand_social_security_gdp_share,5.409
FY2029,lt_mand_social_security_gdp_share,5.494
FY2030,lt_mand_social_security_gdp_share,5.57
FY2031,lt_mand_social_security_gdp_share,5.642
FY2032,lt_mand_social_security_gdp_share,5.706
FY2033,lt_mand_social_security_gdp_share,5.763
FY2034,lt_mand_social_security_gdp_share,5.809
FY2035,lt_mand_social_security_gdp_share,5.847
FY2036,lt_mand_social_security_gdp_share,5.88
FY2037,lt_mand_social_security_gdp_share,5.869
FY2038,lt_mand_social_security_gdp_share,5.878
FY2039,lt_mand_social_security_gdp_share,5.861
FY2040,lt_mand_social_security_gdp_share,5.805
FY2041,lt_mand_social_security_gdp_share,5.77
FY2042,lt_mand_social_security_gdp_share,5.798
FY2043,lt_mand_social_security_gdp_share,5.778
FY2044,lt_mand_social_security_gdp_share,5.778
FY2045,lt_mand_social_security_gdp_share,5.772
FY2046,lt_mand_social_security_gdp_share,5.774
FY2047,lt_mand_social_security_gdp_share,5.789
FY2048,lt_mand_social_security_gdp_share,5.799
FY2049,lt_mand_social_security_gdp_share,5.808
FY2050,lt_mand_social_security_gdp_share,5.801
FY2051,lt_mand_social_security_gdp_share,5.84
FY2052,lt_mand_social_security_gdp_share,5.897
FY2053,lt_mand_social_security_gdp_share,5.889
FY2054,lt_mand_social_security_gdp_share,5.945
FY2055,lt_mand_social_security_gdp_share,5.968
FY2056,lt_mand_social_security_gdp_share,5.991
FY2026,lt_medicare_offsetting_receipts_gdp_share,-0.702
FY2027,lt_medicare_offsetting_receipts_gdp_share,-0.701
FY2028,lt_medicare_offsetting_receipts_gdp_share,-0.718
FY2029,lt_medicare_offsetting_receipts_gdp_share,-0.739
FY2030,lt_medicare_offsetting_receipts_gdp_share,-0.782
FY2031,lt_medicare_offsetting_receipts_gdp_share,-0.814
FY2032,lt_medicare_offsetting_receipts_gdp_share,-0.845
FY2033,lt_medicare_offsetting_receipts_gdp_share,-0.88
FY2034,lt_medicare_offsetting_receipts_gdp_share,-0.908
FY2035,lt_medicare_offsetting_receipts_gdp_share,-0.938
FY2036,lt_medicare_offsetting_receipts_gdp_share,-0.966
FY2037,lt_medicare_offsetting_receipts_gdp_share,-1.006
FY2038,lt_medicare_offsetting_receipts_gdp_share,-1.037
FY2039,lt_medicare_offsetting_receipts_gdp_share,-1.064
FY2040,lt_medicare_offsetting_receipts_gdp_share,-1.098
FY2041,lt_medicare_offsetting_receipts_gdp_share,-1.124
FY2042,lt_medicare_offsetting_receipts_gdp_share,-1.149
FY2043,lt_medicare_offsetting_receipts_gdp_share,-1.176
FY2044,lt_medicare_offsetting_receipts_gdp_share,-1.202
FY2045,lt_medicare_offsetting_receipts_gdp_share,-1.226
FY2046,lt_medicare_offsetting_receipts_gdp_share,-1.248
FY2047,lt_medicare_offsetting_receipts_gdp_share,-1.272
FY2048,lt_medicare_offsetting_receipts_gdp_share,-1.294
FY2049,lt_medicare_offsetting_receipts_gdp_share,-1.313
FY2050,lt_medicare_offsetting_receipts_gdp_share,-1.332
FY2051,lt_medicare_offsetting_receipts_gdp_share,-1.349
FY2052,lt_medicare_offsetting_receipts_gdp_share,-1.367
FY2053,lt_medicare_offsetting_receipts_gdp_share,-1.385
FY2054,lt_medicare_offsetting_receipts_gdp_share,-1.402
FY2055,lt_medicare_offsetting_receipts_gdp_share,-1.418
FY2056,lt_medicare_offsetting_receipts_gdp_share,-1.433
FY2026,lt_outlays_discretionary_gdp_share,5.894
FY2027,lt_outlays_discretionary_gdp_share,5.648
FY2028,lt_outlays_discretionary_gdp_share,5.548
FY2029,lt_outlays_discretionary_gdp_share,5.426
FY2030,lt_outlays_discretionary_gdp_share,5.319
FY2031,lt_outlays_discretionary_gdp_share,5.216
FY2032,lt_outlays_discretionary_gdp_share,5.123
FY2033,lt_outlays_discretionary_gdp_share,5.035
FY2034,lt_outlays_discretionary_gdp_share,4.9497
FY2035,lt_outlays_discretionary_gdp_share,4.874
FY2036,lt_outlays_discretionary_gdp_share,4.804
FY2037,lt_outlays_discretionary_gdp_share,4.738
FY2038,lt_outlays_discretionary_gdp_share,4.689
FY2039,lt_outlays_discretionary_gdp_share,4.657
FY2040,lt_outlays_discretionary_gdp_share,4.641
FY2041,lt_outlays_discretionary_gdp_share,4.641
FY2042,lt_outlays_discretionary_gdp_share,4.641
FY2043,lt_outlays_discretionary_gdp_share,4.641
FY2044,lt_outlays_discretionary_gdp_share,4.641
FY2045,lt_outlays_discretionary_gdp_share,4.641
FY2046,lt_outlays_discretionary_gdp_share,4.641
FY2047,lt_outlays_discretionary_gdp_share,4.641
FY2048,lt_outlays_discretionary_gdp_share,4.641
FY2049,lt_outlays_discretionary_gdp_share,4.641
FY2050,lt_outlays_discretionary_gdp_share,4.641
FY2051,lt_outlays_discretionary_gdp_share,4.641
FY2052,lt_outlays_discretionary_gdp_share,4.641
FY2053,lt_outlays_discretionary_gdp_share,4.641
FY2054,lt_outlays_discretionary_gdp_share,4.641
FY2055,lt_outlays_discretionary_gdp_share,4.641
FY2056,lt_outlays_discretionary_gdp_share,4.641
FY2026,lt_outlays_net_interest_gdp_share,3.257
FY2027,lt_outlays_net_interest_gdp_share,3.325
FY2028,lt_outlays_net_interest_gdp_share,3.513
FY2029,lt_outlays_net_interest_gdp_share,3.678
FY2030,lt_outlays_net_interest_gdp_share,3.829
FY2031,lt_outlays_net_interest_gdp_share,3.989
FY2032,lt_outlays_net_interest_gdp_share,4.147
FY2033,lt_outlays_net_interest_gdp_share,4.269
FY2034,lt_outlays_net_interest_gdp_share,4.389
FY2035,lt_outlays_net_interest_gdp_share,4.486
FY2036,lt_outlays_net_interest_gdp_share,4.591
FY2037,lt_outlays_net_interest_gdp_share,4.687
FY2038,lt_outlays_net_interest_gdp_share,4.788
FY2039,lt_outlays_net_interest_gdp_share,4.887
FY2040,lt_outlays_net_interest_gdp_share,4.989
FY2041,lt_outlays_net_interest_gdp_share,5.097
FY2042,lt_outlays_net_interest_gdp_share,5.217
FY2043,lt_outlays_net_interest_gdp_share,5.334
FY2044,lt_outlays_net_interest_gdp_share,5.443
FY2045,lt_outlays_net_interest_gdp_share,5.554
FY2046,lt_outlays_net_interest_gdp_share,5.676
FY2047,lt_outlays_net_interest_gdp_share,5.792
FY2048,lt_outlays_net_interest_gdp_share,5.907
FY2049,lt_outlays_net_interest_gdp_share,6.022
FY2050,lt_outlays_net_interest_gdp_share,6.143
FY2051,lt_outlays_net_interest_gdp_share,6.269
FY2052,lt_outlays_net_interest_gdp_share,6.4
FY2053,lt_outlays_net_interest_gdp_share,6.529
FY2054,lt_outlays_net_interest_gdp_share,6.658
FY2055,lt_outlays_net_interest_gdp_share,6.79
FY2056,lt_outlays_net_interest_gdp_share,6.93
FY2026,lt_outlays_noninterest_gdp_share,20.092
FY2027,lt_outlays_noninterest_gdp_share,20.005
FY2028,lt_outlays_noninterest_gdp_share,19.644
FY2029,lt_outlays_noninterest_gdp_share,19.824
FY2030,lt_outlays_noninterest_gdp_share,19.694
FY2031,lt_outlays_noninterest_gdp_share,19.599
FY2032,lt_outlays_noninterest_gdp_share,19.611
FY2033,lt_outlays_noninterest_gdp_share,19.672
FY2034,lt_outlays_noninterest_gdp_share,19.762
FY2035,lt_outlays_noninterest_gdp_share,19.795
FY2036,lt_outlays_noninterest_gdp_share,19.849
FY2037,lt_outlays_noninterest_gdp_share,19.848
FY2038,lt_outlays_noninterest_gdp_share,19.903
FY2039,lt_outlays_noninterest_gdp_share,19.942
FY2040,lt_outlays_noninterest_gdp_share,19.9497
FY2041,lt_outlays_noninterest_gdp_share,20.004
FY2042,lt_outlays_noninterest_gdp_share,20.11
FY2043,lt_outlays_noninterest_gdp_share,20.166
FY2044,lt_outlays_noninterest_gdp_share,20.232
FY2045,lt_outlays_noninterest_gdp_share,20.289
FY2046,lt_outlays_noninterest_gdp_share,20.353
FY2047,lt_outlays_noninterest_gdp_share,20.421
FY2048,lt_outlays_noninterest_gdp_share,20.485
FY2049,lt_outlays_noninterest_gdp_share,20.546
FY2050,lt_outlays_noninterest_gdp_share,20.584
FY2051,lt_outlays_noninterest_gdp_share,20.668
FY2052,lt_outlays_noninterest_gdp_share,20.766
FY2053,lt_outlays_noninterest_gdp_share,20.794
FY2054,lt_outlays_noninterest_gdp_share,20.882
FY2055,lt_outlays_noninterest_gdp_share,20.943
FY2056,lt_outlays_noninterest_gdp_share,21.002
FY2026,lt_outlays_total_gdp_share,23.348
FY2027,lt_outlays_total_gdp_share,23.33
FY2028,lt_outlays_total_gdp_share,23.157
FY2029,lt_outlays_total_gdp_share,23.502
FY2030,lt_outlays_total_gdp_share,23.524
FY2031,lt_outlays_total_gdp_share,23.588
FY2032,lt_outlays_total_gdp_share,23.759
FY2033,lt_outlays_total_gdp_share,23.941
FY2034,lt_outlays_total_gdp_share,24.151
FY2035,lt_outlays_total_gdp_share,24.28
FY2036,lt_outlays_total_gdp_share,24.439
FY2037,lt_outlays_total_gdp_share,24.535
FY2038,lt_outlays_total_gdp_share,24.691
FY2039,lt_outlays_total_gdp_share,24.829
FY2040,lt_outlays_total_gdp_share,24.939
FY2041,lt_outlays_total_gdp_share,25.102
FY2042,lt_outlays_total_gdp_share,25.328
FY2043,lt_outlays_total_gdp_share,25.5
FY2044,lt_outlays_total_gdp_share,25.675
FY2045,lt_outlays_total_gdp_share,25.842
FY2046,lt_outlays_total_gdp_share,26.029
FY2047,lt_outlays_total_gdp_share,26.213
FY2048,lt_outlays_total_gdp_share,26.392
FY2049,lt_outlays_total_gdp_share,26.568
FY2050,lt_outlays_total_gdp_share,26.727
FY2051,lt_outlays_total_gdp_share,26.938
FY2052,lt_outlays_total_gdp_share,27.166
FY2053,lt_outlays_total_gdp_share,27.323
FY2054,lt_outlays_total_gdp_share,27.54
FY2055,lt_outlays_total_gdp_share,27.733
FY2056,lt_outlays_total_gdp_share,27.932
FY2026,lt_primary_deficit_gdp_share,-2.551
FY2027,lt_primary_deficit_gdp_share,-2.34
FY2028,lt_primary_deficit_gdp_share,-2.13
FY2029,lt_primary_deficit_gdp_share,-2.274
FY2030,lt_primary_deficit_gdp_share,-2.056
FY2031,lt_primary_deficit_gdp_share,-1.9
FY2032,lt_primary_deficit_gdp_share,-1.909
FY2033,lt_primary_deficit_gdp_share,-1.987
FY2034,lt_primary_deficit_gdp_share,-2.081
FY2035,lt_primary_deficit_gdp_share,-2.084
FY2036,lt_primary_deficit_gdp_share,-2.079
FY2037,lt_primary_deficit_gdp_share,-2.022
FY2038,lt_primary_deficit_gdp_share,-2.023
FY2039,lt_primary_deficit_gdp_share,-1.996
FY2040,lt_primary_deficit_gdp_share,-1.952
FY2041,lt_primary_deficit_gdp_share,-1.944
FY2042,lt_primary_deficit_gdp_share,-1.991
FY2043,lt_primary_deficit_gdp_share,-1.984
FY2044,lt_primary_deficit_gdp_share,-2.009
FY2045,lt_primary_deficit_gdp_share,-2.021
FY2046,lt_primary_deficit_gdp_share,-2.025
FY2047,lt_primary_deficit_gdp_share,-2.047
FY2048,lt_primary_deficit_gdp_share,-2.058
FY2049,lt_primary_deficit_gdp_share,-2.091
FY2050,lt_primary_deficit_gdp_share,-2.095
FY2051,lt_primary_deficit_gdp_share,-2.124
FY2052,lt_primary_deficit_gdp_share,-2.165
FY2053,lt_primary_deficit_gdp_share,-2.147
FY2054,lt_primary_deficit_gdp_share,-2.178
FY2055,lt_primary_deficit_gdp_share,-2.201
FY2056,lt_primary_deficit_gdp_share,-2.204
FY2026,lt_rev_corporate_income_gdp_share,1.266
FY2027,lt_rev_corporate_income_gdp_share,1.259
FY2028,lt_rev_corporate_income_gdp_share,1.248
FY2029,lt_rev_corporate_income_gdp_share,1.254
FY2030,lt_rev_corporate_income_gdp_share,1.277
FY2031,lt_rev_corporate_income_gdp_share,1.271
FY2032,lt_rev_corporate_income_gdp_share,1.266
FY2033,lt_rev_corporate_income_gdp_share,1.258
FY2034,lt_rev_corporate_income_gdp_share,1.243
FY2035,lt_rev_corporate_income_gdp_share,1.226
FY2036,lt_rev_corporate_income_gdp_share,1.232
FY2037,lt_rev_corporate_income_gdp_share,1.229
FY2038,lt_rev_corporate_income_gdp_share,1.227
FY2039,lt_rev_corporate_income_gdp_share,1.239
FY2040,lt_rev_corporate_income_gdp_share,1.247
FY2041,lt_rev_corporate_income_gdp_share,1.255
FY2042,lt_rev_corporate_income_gdp_share,1.258
FY2043,lt_rev_corporate_income_gdp_share,1.262
FY2044,lt_rev_corporate_income_gdp_share,1.266
FY2045,lt_rev_corporate_income_gdp_share,1.271
FY2046,lt_rev_corporate_income_gdp_share,1.284
FY2047,lt_rev_corporate_income_gdp_share,1.288
FY2048,lt_rev_corporate_income_gdp_share,1.291
FY2049,lt_rev_corporate_income_gdp_share,1.295
FY2050,lt_rev_corporate_income_gdp_share,1.3
FY2051,lt_rev_corporate_income_gdp_share,1.302
FY2052,lt_rev_corporate_income_gdp_share,1.303
FY2053,lt_rev_corporate_income_gdp_share,1.303
FY2054,lt_rev_corporate_income_gdp_share,1.303
FY2055,lt_rev_corporate_income_gdp_share,1.304
FY2056,lt_rev_corporate_income_gdp_share,1.31
FY2026,lt_rev_customs_gdp_share,1.311
FY2027,lt_rev_customs_gdp_share,1.264
FY2028,lt_rev_customs_gdp_share,1.222
FY2029,lt_rev_customs_gdp_share,1.159
FY2030,lt_rev_customs_gdp_share,1.103
FY2031,lt_rev_customs_gdp_share,1.044
FY2032,lt_rev_customs_gdp_share,0.967
FY2033,lt_rev_customs_gdp_share,0.915
FY2034,lt_rev_customs_gdp_share,0.88
FY2035,lt_rev_customs_gdp_share,0.867
FY2036,lt_rev_customs_gdp_share,0.861
FY2037,lt_rev_customs_gdp_share,0.851
FY2038,lt_rev_customs_gdp_share,0.839
FY2039,lt_rev_customs_gdp_share,0.826
FY2040,lt_rev_customs_gdp_share,0.814
FY2041,lt_rev_customs_gdp_share,0.803
FY2042,lt_rev_customs_gdp_share,0.792
FY2043,lt_rev_customs_gdp_share,0.781
FY2044,lt_rev_customs_gdp_share,0.771
FY2045,lt_rev_customs_gdp_share,0.761
FY2046,lt_rev_customs_gdp_share,0.751
FY2047,lt_rev_customs_gdp_share,0.741
FY2048,lt_rev_customs_gdp_share,0.732
FY2049,lt_rev_customs_gdp_share,0.723
FY2050,lt_rev_customs_gdp_share,0.715
FY2051,lt_rev_customs_gdp_share,0.706
FY2052,lt_rev_customs_gdp_share,0.699
FY2053,lt_rev_customs_gdp_share,0.692
FY2054,lt_rev_customs_gdp_share,0.686
FY2055,lt_rev_customs_gdp_share,0.68
FY2056,lt_rev_customs_gdp_share,0.674
FY2026,lt_rev_individual_income_gdp_share,8.624
FY2027,lt_rev_individual_income_gdp_share,8.846
FY2028,lt_rev_individual_income_gdp_share,8.781
FY2029,lt_rev_individual_income_gdp_share,8.868
FY2030,lt_rev_individual_income_gdp_share,8.93
FY2031,lt_rev_individual_income_gdp_share,8.917
FY2032,lt_rev_individual_income_gdp_share,8.924
FY2033,lt_rev_individual_income_gdp_share,8.957
FY2034,lt_rev_individual_income_gdp_share,8.998
FY2035,lt_rev_individual_income_gdp_share,9.046
FY2036,lt_rev_individual_income_gdp_share,9.096
FY2037,lt_rev_individual_income_gdp_share,9.154
FY2038,lt_rev_individual_income_gdp_share,9.221
FY2039,lt_rev_individual_income_gdp_share,9.279
FY2040,lt_rev_individual_income_gdp_share,9.328
FY2041,lt_rev_individual_income_gdp_share,9.384
FY2042,lt_rev_individual_income_gdp_share,9.44
FY2043,lt_rev_individual_income_gdp_share,9.492
FY2044,lt_rev_individual_income_gdp_share,9.538
FY2045,lt_rev_individual_income_gdp_share,9.581
FY2046,lt_rev_individual_income_gdp_share,9.632
FY2047,lt_rev_individual_income_gdp_share,9.676
FY2048,lt_rev_individual_income_gdp_share,9.718
FY2049,lt_rev_individual_income_gdp_share,9.754
FY2050,lt_rev_individual_income_gdp_share,9.787
FY2051,lt_rev_individual_income_gdp_share,9.842
FY2052,lt_rev_individual_income_gdp_share,9.902
FY2053,lt_rev_individual_income_gdp_share,9.953
FY2054,lt_rev_individual_income_gdp_share,10.009
FY2055,lt_rev_individual_income_gdp_share,10.059
FY2056,lt_rev_individual_income_gdp_share,10.115
FY2026,lt_rev_other_gdp_share,0.617
FY2027,lt_rev_other_gdp_share,0.604
FY2028,lt_rev_other_gdp_share,0.58
FY2029,lt_rev_other_gdp_share,0.58
FY2030,lt_rev_other_gdp_share,0.628
FY2031,lt_rev_other_gdp_share,0.756
FY2032,lt_rev_other_gdp_share,0.83
FY2033,lt_rev_other_gdp_share,0.839
FY2034,lt_rev_other_gdp_share,0.848
FY2035,lt_rev_other_gdp_share,0.862
FY2036,lt_rev_other_gdp_share,0.873
FY2037,lt_rev_other_gdp_share,0.89
FY2038,lt_rev_other_gdp_share,0.893
FY2039,lt_rev_other_gdp_share,0.902
FY2040,lt_rev_other_gdp_share,0.912
FY2041,lt_rev_other_gdp_share,0.925
FY2042,lt_rev_other_gdp_share,0.938
FY2043,lt_rev_other_gdp_share,0.958
FY2044,lt_rev_other_gdp_share,0.96
FY2045,lt_rev_other_gdp_share,0.969
FY2046,lt_rev_other_gdp_share,0.978
FY2047,lt_rev_other_gdp_share,0.989
FY2048,lt_rev_other_gdp_share,1.008
FY2049,lt_rev_other_gdp_share,1.006
FY2050,lt_rev_other_gdp_share,1.013
FY2051,lt_rev_other_gdp_share,1.021
FY2052,lt_rev_other_gdp_share,1.028
FY2053,lt_rev_other_gdp_share,1.032
FY2054,lt_rev_other_gdp_share,1.043
FY2055,lt_rev_other_gdp_share,1.036
FY2056,lt_rev_other_gdp_share,1.039
FY2026,lt_rev_payroll_gdp_share,5.722
FY2027,lt_rev_payroll_gdp_share,5.693
FY2028,lt_rev_payroll_gdp_share,5.683
FY2029,lt_rev_payroll_gdp_share,5.689
FY2030,lt_rev_payroll_gdp_share,5.701
FY2031,lt_rev_payroll_gdp_share,5.71
FY2032,lt_rev_payroll_gdp_share,5.714
FY2033,lt_rev_payroll_gdp_share,5.715
FY2034,lt_rev_payroll_gdp_share,5.712
FY2035,lt_rev_payroll_gdp_share,5.71
FY2036,lt_rev_payroll_gdp_share,5.707
FY2037,lt_rev_payroll_gdp_share,5.703
FY2038,lt_rev_payroll_gdp_share,5.701
FY2039,lt_rev_payroll_gdp_share,5.699
FY2040,lt_rev_payroll_gdp_share,5.697
FY2041,lt_rev_payroll_gdp_share,5.694
FY2042,lt_rev_payroll_gdp_share,5.692
FY2043,lt_rev_payroll_gdp_share,5.69
FY2044,lt_rev_payroll_gdp_share,5.687
FY2045,lt_rev_payroll_gdp_share,5.685
FY2046,lt_rev_payroll_gdp_share,5.683
FY2047,lt_rev_payroll_gdp_share,5.681
FY2048,lt_rev_payroll_gdp_share,5.678
FY2049,lt_rev_payroll_gdp_share,5.677
FY2050,lt_rev_payroll_gdp_share,5.675
FY2051,lt_rev_payroll_gdp_share,5.672
FY2052,lt_rev_payroll_gdp_share,5.669
FY2053,lt_rev_payroll_gdp_share,5.667
FY2054,lt_rev_payroll_gdp_share,5.665
FY2055,lt_rev_payroll_gdp_share,5.662
FY2056,lt_rev_payroll_gdp_share,5.66
FY2026,lt_rev_total_gdp_share,17.541
FY2027,lt_rev_total_gdp_share,17.665
FY2028,lt_rev_total_gdp_share,17.514
FY2029,lt_rev_total_gdp_share,17.55
FY2030,lt_rev_total_gdp_share,17.638
FY2031,lt_rev_total_gdp_share,17.699
FY2032,lt_rev_total_gdp_share,17.702
FY2033,lt_rev_total_gdp_share,17.685
FY2034,lt_rev_total_gdp_share,17.681
FY2035,lt_rev_total_gdp_share,17.711
FY2036,lt_rev_total_gdp_share,17.77
FY2037,lt_rev_total_gdp_share,17.826
FY2038,lt_rev_total_gdp_share,17.88
FY2039,lt_rev_total_gdp_share,17.945
FY2040,lt_rev_total_gdp_share,17.998
FY2041,lt_rev_total_gdp_share,18.06
FY2042,lt_rev_total_gdp_share,18.12
FY2043,lt_rev_total_gdp_share,18.183
FY2044,lt_rev_total_gdp_share,18.223
FY2045,lt_rev_total_gdp_share,18.268
FY2046,lt_rev_total_gdp_share,18.328
FY2047,lt_rev_total_gdp_share,18.374
FY2048,lt_rev_total_gdp_share,18.427
FY2049,lt_rev_total_gdp_share,18.455
FY2050,lt_rev_total_gdp_share,18.489
FY2051,lt_rev_total_gdp_share,18.544
FY2052,lt_rev_total_gdp_share,18.601
FY2053,lt_rev_total_gdp_share,18.647
FY2054,lt_rev_total_gdp_share,18.704
FY2055,lt_rev_total_gdp_share,18.741
FY2056,lt_rev_total_gdp_share,18.798
